"Modelo","media_alpha","media_b","media_sigma"
"Bayesiano",2.12883678566694e-05,0.0338395493582006,0.000453664346760126
"Frecuentista",-0.0986576166591032,-0.00353728216038626,0.00658637220365794
